1,gov.uscourts.nysd.325990.1.0.txt,support,grant
1,gov.uscourts.nysd.325990.3.0.txt,support,grant
1,gov.uscourts.nysd.325990.6.0.txt,opposition,grant
1010,gov.uscourts.wied.42230.73.0.txt,support,deny
1010,gov.uscourts.wied.42230.80.0.txt,opposition,deny
1011,gov.uscourts.flsd.422841.73.0.txt,support,grant
1011,gov.uscourts.flsd.422841.82.0.txt,opposition,grant
1012,gov.uscourts.mad.99920.73.0.txt,support,deny
1012,gov.uscourts.mad.99920.74.0.txt,support,deny
1012,gov.uscourts.mad.99920.75.0.txt,support,deny
1012,gov.uscourts.mad.99920.78.0.txt,opposition,deny
1012,gov.uscourts.mad.99920.79.0.txt,opposition,deny
1012,gov.uscourts.mad.99920.81.0.txt,opposition,deny
1014,gov.uscourts.cand.195345.74.0.txt,support,grant
1014,gov.uscourts.cand.195345.77.0.txt,opposition,grant
1020,gov.uscourts.flmd.173598.75.0.txt,support,grant
1020,gov.uscourts.flmd.173598.79.0.txt,opposition,grant
1023,gov.uscourts.txsd.674688.756.0.txt,support,grant
1023,gov.uscourts.txsd.674688.761.0.txt,opposition,grant
1024,gov.uscourts.ded.8666.76.0.txt,support,deny
1024,gov.uscourts.ded.8666.77.0.txt,opposition,deny
103,gov.uscourts.flmd.185863.115.0.txt,support,deny
103,gov.uscourts.flmd.185863.139.0.txt,opposition,deny
1030,gov.uscourts.orb.461385.76.0.txt,support,deny
1030,gov.uscourts.orb.461385.81.0.txt,opposition,deny
1030,gov.uscourts.orb.461385.88.0.txt,opposition,deny
1031,gov.uscourts.akd.336.77.0.txt,support,grant
1031,gov.uscourts.akd.336.78.0.txt,support,grant
1031,gov.uscourts.akd.336.81.0.txt,opposition,grant
1032,gov.uscourts.flsd.451348.77.0.txt,support,grant
1032,gov.uscourts.flsd.451348.78.0.txt,opposition,grant
1033,gov.uscourts.txed.106763.77.0.txt,support,grant
1033,gov.uscourts.txed.106763.78.0.txt,opposition,grant
1034,gov.uscourts.pamd.94875.77.0.txt,support,deny
1034,gov.uscourts.pamd.94875.93.0.txt,opposition,deny
1035,gov.uscourts.mied.317381.77.0.txt,support,deny
1035,gov.uscourts.mied.317381.78.0.txt,opposition,deny
1036,gov.uscourts.kywd.82565.776.0.txt,support,deny
1036,gov.uscourts.kywd.82565.914.0.txt,opposition,deny
1037,gov.uscourts.cand.187342.78.0.txt,support,grant
1037,gov.uscourts.cand.187342.82.0.txt,opposition,grant
1037,gov.uscourts.cand.187342.85.0.txt,opposition,grant
1038,gov.uscourts.nysd.325077.78.0.txt,support,grant
1038,gov.uscourts.nysd.325077.79.0.txt,support,grant
1038,gov.uscourts.nysd.325077.96.0.txt,opposition,grant
1039,gov.uscourts.nysd.478367.79.0.txt,support,grant
1039,gov.uscourts.nysd.478367.85.0.txt,opposition,grant
1040,gov.uscourts.nysd.330523.780.0.txt,support,grant
1040,gov.uscourts.nysd.330523.781.0.txt,support,grant
1040,gov.uscourts.nysd.330523.788.0.txt,opposition,grant
1041,gov.uscourts.cofc.2184.79.0.txt,support,grant
1041,gov.uscourts.cofc.2184.80.0.txt,opposition,grant
1043,gov.uscourts.txsd.1196187.14.0.txt,opposition,grant
1043,gov.uscourts.txsd.1196187.8.0.txt,support,grant
1045,gov.uscourts.txwd.891647.14.0.txt,opposition,grant
1045,gov.uscourts.txwd.891647.8.0.txt,support,grant
1047,gov.uscourts.txwd.460788.10.0.txt,opposition,grant
1047,gov.uscourts.txwd.460788.8.0.txt,support,grant
105,gov.uscourts.insd.41796.117.0.txt,support,deny
105,gov.uscourts.insd.41796.118.0.txt,support,deny
105,gov.uscourts.insd.41796.121.0.txt,opposition,deny
1052,gov.uscourts.utd.80761.11.0.txt,opposition,grant
1052,gov.uscourts.utd.80761.8.0.txt,support,grant
1055,gov.uscourts.dcd.130163.10.0.txt,opposition,deny
1055,gov.uscourts.dcd.130163.8.0.txt,support,deny
1055,gov.uscourts.dcd.130163.9.0.txt,opposition,deny
1057,gov.uscourts.dcd.125462.15.0.txt,opposition,deny
1057,gov.uscourts.dcd.125462.8.0.txt,support,deny
1059,gov.uscourts.wied.72179.14.0.txt,opposition,deny
1059,gov.uscourts.wied.72179.8.0.txt,support,deny
1062,gov.uscourts.mssd.98306.80.0.txt,support,grant
1062,gov.uscourts.mssd.98306.89.0.txt,opposition,grant
1064,gov.uscourts.rid.31460.80.0.txt,support,deny
1064,gov.uscourts.rid.31460.81.0.txt,opposition,deny
1067,gov.uscourts.tned.51913.81.0.txt,support,deny
1067,gov.uscourts.tned.51913.83.0.txt,opposition,deny
1070,gov.uscourts.azd.396130.813.0.txt,support,deny
1070,gov.uscourts.azd.396130.820.0.txt,opposition,deny
1072,gov.uscourts.innd.56146.82.0.txt,support,grant
1072,gov.uscourts.innd.56146.85.0.txt,opposition,grant
1072,gov.uscourts.innd.56146.86.0.txt,opposition,grant
1072,gov.uscourts.innd.56146.89.0.txt,opposition,grant
1076,gov.uscourts.azd.396130.824.0.txt,support,deny
1076,gov.uscourts.azd.396130.901.0.txt,support,deny
1076,gov.uscourts.azd.396130.918.0.txt,opposition,deny
1077,gov.uscourts.mdd.2887.83.0.txt,support,grant
1077,gov.uscourts.mdd.2887.84.0.txt,support,grant
1077,gov.uscourts.mdd.2887.86.0.txt,opposition,grant
1079,gov.uscourts.utd.79558.84.0.txt,support,grant
1079,gov.uscourts.utd.79558.90.0.txt,opposition,grant
1081,gov.uscourts.ded.8582.83.0.txt,support,deny
1081,gov.uscourts.ded.8582.84.0.txt,support,deny
1081,gov.uscourts.ded.8582.86.0.txt,opposition,deny
1082,gov.uscourts.moed.137161.84.0.txt,support,deny
1082,gov.uscourts.moed.137161.99.0.txt,opposition,deny
1084,gov.uscourts.gand.200141.84.0.txt,support,grant
1084,gov.uscourts.gand.200141.89.0.txt,opposition,grant
1085,gov.uscourts.flsd.468882.84.0.txt,support,deny
1085,gov.uscourts.flsd.468882.86.0.txt,opposition,deny
1086,gov.uscourts.mad.110243.85.0.txt,support,grant
1086,gov.uscourts.mad.110243.86.0.txt,opposition,grant
1087,gov.uscourts.nyed.309724.846.0.txt,support,deny
1087,gov.uscourts.nyed.309724.856.0.txt,opposition,deny
1087,gov.uscourts.nyed.309724.863.0.txt,opposition,deny
1088,gov.uscourts.vaed.271949.847.0.txt,support,grant
1088,gov.uscourts.vaed.271949.848.0.txt,support,grant
1088,gov.uscourts.vaed.271949.852.0.txt,opposition,grant
1090,gov.uscourts.dcd.128326.85.0.txt,support,grant
1090,gov.uscourts.dcd.128326.86.0.txt,opposition,grant
1090,gov.uscourts.dcd.128326.88.0.txt,opposition,grant
1093,gov.uscourts.flmd.203984.85.0.txt,support,deny
1093,gov.uscourts.flmd.203984.86.0.txt,opposition,deny
1094,gov.uscourts.casd.256908.153.0.txt,opposition,deny
1094,gov.uscourts.casd.256908.177.0.txt,opposition,deny
1094,gov.uscourts.casd.256908.85.0.txt,support,deny
1095,gov.uscourts.azd.396130.850.0.txt,support,grant
1095,gov.uscourts.azd.396130.856.0.txt,opposition,grant
1097,gov.uscourts.oknd.37023.101.0.txt,opposition,grant
1097,gov.uscourts.oknd.37023.86.0.txt,support,grant
1098,gov.uscourts.laed.124762.87.0.txt,support,deny
1098,gov.uscourts.laed.124762.90.0.txt,opposition,deny
11,gov.uscourts.vawd.107067.11.0.txt,support,grant
11,gov.uscourts.vawd.107067.19.0.txt,opposition,grant
1103,gov.uscourts.cofc.2184.88.0.txt,support,deny
1103,gov.uscourts.cofc.2184.93.0.txt,opposition,deny
1104,gov.uscourts.nyed.340094.88.0.txt,support,grant
1104,gov.uscourts.nyed.340094.89.0.txt,opposition,grant
1105,gov.uscourts.innd.56146.104.0.txt,opposition,deny
1105,gov.uscourts.innd.56146.88.0.txt,support,deny
1105,gov.uscourts.innd.56146.99.0.txt,opposition,deny
1108,gov.uscourts.rid.20970.102.0.txt,opposition,deny
1108,gov.uscourts.rid.20970.108.0.txt,opposition,deny
1108,gov.uscourts.rid.20970.89.0.txt,support,deny
1108,gov.uscourts.rid.20970.90.0.txt,support,deny
1108,gov.uscourts.rid.20970.91.0.txt,support,deny
111,gov.uscourts.nvd.76125.12.0.txt,support,deny
111,gov.uscourts.nvd.76125.17.0.txt,opposition,deny
1111,gov.uscourts.flmd.186117.89.0.txt,support,deny
1111,gov.uscourts.flmd.186117.90.0.txt,opposition,deny
1112,gov.uscourts.azd.396130.890.0.txt,support,deny
1112,gov.uscourts.azd.396130.896.0.txt,support,deny
1112,gov.uscourts.azd.396130.902.0.txt,opposition,deny
1112,gov.uscourts.azd.396130.911.0.txt,opposition,deny
1117,gov.uscourts.nyed.318812.11.0.txt,support,grant
1117,gov.uscourts.nyed.318812.12.0.txt,opposition,grant
1117,gov.uscourts.nyed.318812.9.0.txt,support,grant
112,gov.uscourts.ksd.89960.12.0.txt,support,grant
112,gov.uscourts.ksd.89960.13.0.txt,support,grant
112,gov.uscourts.ksd.89960.23.0.txt,opposition,grant
1121,gov.uscourts.mdd.250622.10.0.txt,opposition,grant
1121,gov.uscourts.mdd.250622.9.0.txt,support,grant
1123,gov.uscourts.txsd.531293.10.0.txt,opposition,deny
1123,gov.uscourts.txsd.531293.9.0.txt,support,deny
1126,gov.uscourts.wied.51939.10.0.txt,support,grant
1126,gov.uscourts.wied.51939.15.0.txt,opposition,grant
1128,gov.uscourts.mad.145222.10.0.txt,support,deny
1128,gov.uscourts.mad.145222.13.0.txt,opposition,deny
1129,gov.uscourts.ilsd.73844.45.0.txt,opposition,grant
1129,gov.uscourts.ilsd.73844.9.0.txt,support,grant
1131,gov.uscourts.njd.283009.10.0.txt,opposition,deny
1131,gov.uscourts.njd.283009.9.0.txt,support,deny
1134,gov.uscourts.dcd.153668.11.0.txt,opposition,grant
1134,gov.uscourts.dcd.153668.9.0.txt,support,grant
1138,gov.uscourts.mad.124970.15.0.txt,support,grant
1138,gov.uscourts.mad.124970.18.0.txt,opposition,grant
1139,gov.uscourts.flnd.60471.84.0.txt,opposition,deny
1139,gov.uscourts.flnd.60471.9.0.txt,support,deny
114,gov.uscourts.alnd.144231.12.0.txt,support,grant
114,gov.uscourts.alnd.144231.26.0.txt,opposition,grant
114,gov.uscourts.alnd.144231.32.0.txt,opposition,grant
1140,gov.uscourts.nysd.352891.10.0.txt,support,deny
1140,gov.uscourts.nysd.352891.15.0.txt,opposition,deny
1140,gov.uscourts.nysd.352891.9.0.txt,support,deny
1145,gov.uscourts.rid.20478.90.0.txt,support,deny
1145,gov.uscourts.rid.20478.91.0.txt,opposition,deny
1146,gov.uscourts.mssd.86758.90.0.txt,support,deny
1146,gov.uscourts.mssd.86758.91.0.txt,opposition,deny
1148,gov.uscourts.cofc.21320.91.0.txt,support,grant
1148,gov.uscourts.cofc.21320.95.0.txt,opposition,grant
1149,gov.uscourts.cand.195275.91.0.txt,support,deny
1149,gov.uscourts.cand.195275.95.0.txt,opposition,deny
1150,gov.uscourts.nmd.292186.91.0.txt,support,grant
1150,gov.uscourts.nmd.292186.95.0.txt,opposition,grant
1151,gov.uscourts.mad.98545.91.0.txt,support,deny
1151,gov.uscourts.mad.98545.92.0.txt,opposition,deny
1151,gov.uscourts.mad.98545.93.0.txt,opposition,deny
1153,gov.uscourts.flmd.186117.92.0.txt,support,grant
1153,gov.uscourts.flmd.186117.95.0.txt,opposition,grant
1154,gov.uscourts.cand.196553.93.0.txt,support,deny
1154,gov.uscourts.cand.196553.97.0.txt,opposition,deny
1155,gov.uscourts.cand.178063.93.0.txt,support,grant
1155,gov.uscourts.cand.178063.94.0.txt,support,grant
1155,gov.uscourts.cand.178063.96.0.txt,opposition,grant
1157,gov.uscourts.azd.396130.934.0.txt,support,grant
1157,gov.uscourts.azd.396130.939.0.txt,opposition,grant
1160,gov.uscourts.casd.258578.94.0.txt,support,grant
1160,gov.uscourts.casd.258578.99.0.txt,opposition,grant
1161,gov.uscourts.akd.336.101.0.txt,opposition,grant
1161,gov.uscourts.akd.336.95.0.txt,support,grant
1166,gov.uscourts.vaed.271949.955.0.txt,support,grant
1166,gov.uscourts.vaed.271949.956.0.txt,opposition,grant
1168,gov.uscourts.akd.336.100.0.txt,opposition,grant
1168,gov.uscourts.akd.336.96.0.txt,support,grant
1170,gov.uscourts.vaed.249311.111.0.txt,opposition,grant
1170,gov.uscourts.vaed.249311.97.0.txt,support,grant
1171,gov.uscourts.akd.336.97.0.txt,support,grant
1171,gov.uscourts.akd.336.99.0.txt,opposition,grant
1172,gov.uscourts.cand.193889.100.0.txt,opposition,grant
1172,gov.uscourts.cand.193889.97.0.txt,support,grant
1173,gov.uscourts.ded.7532.109.0.txt,opposition,deny
1173,gov.uscourts.ded.7532.97.0.txt,support,deny
1173,gov.uscourts.ded.7532.98.0.txt,support,deny
1175,gov.uscourts.iasd.51231.106.0.txt,opposition,deny
1175,gov.uscourts.iasd.51231.97.0.txt,support,deny
1179,gov.uscourts.vaed.271949.987.0.txt,support,grant
1179,gov.uscourts.vaed.271949.988.0.txt,support,grant
1179,gov.uscourts.vaed.271949.990.0.txt,opposition,grant
1183,gov.uscourts.vaed.271949.1003.0.txt,opposition,grant
1183,gov.uscourts.vaed.271949.993.0.txt,support,grant
1183,gov.uscourts.vaed.271949.994.0.txt,support,grant
1183,gov.uscourts.vaed.271949.998.0.txt,support,grant
119,gov.uscourts.nced.155787.13.0.txt,support,deny
119,gov.uscourts.nced.155787.14.0.txt,opposition,deny
119,gov.uscourts.nced.155787.15.0.txt,opposition,deny
119,gov.uscourts.nced.155787.18.0.txt,opposition,deny
120,gov.uscourts.mad.149048.12.0.txt,support,deny
120,gov.uscourts.mad.149048.13.0.txt,support,deny
120,gov.uscourts.mad.149048.26.0.txt,opposition,deny
121,gov.uscourts.txsd.586810.12.0.txt,support,deny
121,gov.uscourts.txsd.586810.13.0.txt,opposition,deny
123,gov.uscourts.flmd.176111.12.0.txt,support,grant
123,gov.uscourts.flmd.176111.14.0.txt,opposition,grant
124,gov.uscourts.dcd.125714.12.0.txt,support,deny
124,gov.uscourts.dcd.125714.13.0.txt,opposition,deny
128,gov.uscourts.mad.110973.121.0.txt,support,grant
128,gov.uscourts.mad.110973.123.0.txt,opposition,grant
130,gov.uscourts.wiwd.778.122.0.txt,support,grant
130,gov.uscourts.wiwd.778.123.0.txt,opposition,grant
133,gov.uscourts.ded.7515.122.0.txt,support,deny
133,gov.uscourts.ded.7515.126.0.txt,opposition,deny
134,gov.uscourts.gamd.72629.123.0.txt,support,grant
134,gov.uscourts.gamd.72629.124.0.txt,opposition,grant
135,gov.uscourts.cofc.16889.123.0.txt,support,deny
135,gov.uscourts.cofc.16889.126.0.txt,opposition,deny
136,gov.uscourts.vtd.18657.123.0.txt,support,deny
136,gov.uscourts.vtd.18657.128.0.txt,opposition,deny
139,gov.uscourts.cand.193761.124.0.txt,support,deny
139,gov.uscourts.cand.193761.128.0.txt,opposition,deny
14,gov.uscourts.nysd.323694.10.0.txt,support,grant
14,gov.uscourts.nysd.323694.12.0.txt,opposition,grant
141,gov.uscourts.akd.336.127.0.txt,support,deny
141,gov.uscourts.akd.336.131.0.txt,opposition,deny
144,gov.uscourts.gamd.86730.127.0.txt,support,grant
144,gov.uscourts.gamd.86730.129.0.txt,opposition,grant
146,gov.uscourts.akd.336.128.0.txt,support,deny
146,gov.uscourts.akd.336.132.0.txt,opposition,deny
15,gov.uscourts.cand.192993.10.0.txt,support,deny
15,gov.uscourts.cand.192993.32.0.txt,opposition,deny
150,gov.uscourts.ded.58378.14.0.txt,support,deny
150,gov.uscourts.ded.58378.19.0.txt,opposition,deny
153,gov.uscourts.nysd.320985.13.0.txt,support,deny
153,gov.uscourts.nysd.320985.14.0.txt,support,deny
153,gov.uscourts.nysd.320985.16.0.txt,opposition,deny
154,gov.uscourts.mdd.239946.13.0.txt,support,grant
154,gov.uscourts.mdd.239946.16.0.txt,opposition,grant
154,gov.uscourts.mdd.239946.20.0.txt,opposition,grant
154,gov.uscourts.mdd.239946.25.0.txt,opposition,grant
154,gov.uscourts.mdd.239946.30.0.txt,opposition,grant
16,gov.uscourts.flsd.442079.10.0.txt,support,grant
16,gov.uscourts.flsd.442079.25.0.txt,opposition,grant
160,gov.uscourts.txwd.900468.13.0.txt,support,deny
160,gov.uscourts.txwd.900468.17.0.txt,opposition,deny
161,gov.uscourts.nced.134516.13.0.txt,support,grant
161,gov.uscourts.nced.134516.18.0.txt,opposition,grant
162,gov.uscourts.txed.134006.13.0.txt,support,grant
162,gov.uscourts.txed.134006.20.0.txt,opposition,grant
165,gov.uscourts.njd.271501.16.0.txt,support,deny
165,gov.uscourts.njd.271501.19.0.txt,opposition,deny
166,gov.uscourts.tnmd.48525.13.0.txt,support,deny
166,gov.uscourts.tnmd.48525.18.0.txt,opposition,deny
168,gov.uscourts.cofc.22695.13.0.txt,support,grant
168,gov.uscourts.cofc.22695.16.0.txt,opposition,grant
169,gov.uscourts.txnd.139713.13.0.txt,support,deny
169,gov.uscourts.txnd.139713.14.0.txt,support,deny
169,gov.uscourts.txnd.139713.15.0.txt,support,deny
169,gov.uscourts.txnd.139713.20.0.txt,opposition,deny
17,gov.uscourts.mied.197253.10.0.txt,support,deny
17,gov.uscourts.mied.197253.18.0.txt,opposition,deny
170,gov.uscourts.nyed.344897.13.0.txt,support,grant
170,gov.uscourts.nyed.344897.14.0.txt,support,grant
170,gov.uscourts.nyed.344897.19.0.txt,opposition,grant
170,gov.uscourts.nyed.344897.23.0.txt,support,grant
172,gov.uscourts.cand.195321.13.0.txt,support,grant
172,gov.uscourts.cand.195321.14.0.txt,opposition,grant
173,gov.uscourts.mdd.178777.13.0.txt,support,deny
173,gov.uscourts.mdd.178777.15.0.txt,opposition,deny
176,gov.uscourts.txnd.243166.131.0.txt,support,grant
176,gov.uscourts.txnd.243166.142.0.txt,opposition,grant
177,gov.uscourts.mad.97962.131.0.txt,support,deny
177,gov.uscourts.mad.97962.161.0.txt,opposition,deny
181,gov.uscourts.flsd.409801.133.0.txt,support,grant
181,gov.uscourts.flsd.409801.137.0.txt,opposition,grant
183,gov.uscourts.flmd.300927.133.0.txt,support,grant
183,gov.uscourts.flmd.300927.146.0.txt,opposition,grant
186,gov.uscourts.wied.63989.135.0.txt,support,deny
186,gov.uscourts.wied.63989.136.0.txt,opposition,deny
19,gov.uscourts.wied.43901.11.0.txt,support,deny
19,gov.uscourts.wied.43901.14.0.txt,opposition,deny
191,gov.uscourts.ohsd.3571.135.0.txt,support,grant
191,gov.uscourts.ohsd.3571.138.0.txt,opposition,grant
193,gov.uscourts.txnd.222550.137.0.txt,support,deny
193,gov.uscourts.txnd.222550.142.0.txt,opposition,deny
194,gov.uscourts.cand.204881.138.0.txt,support,deny
194,gov.uscourts.cand.204881.141.0.txt,opposition,deny
198,gov.uscourts.casd.415480.14.0.txt,support,deny
198,gov.uscourts.casd.415480.18.0.txt,opposition,deny
199,gov.uscourts.waed.50947.15.0.txt,support,grant
199,gov.uscourts.waed.50947.17.0.txt,opposition,grant
20,gov.uscourts.txed.105345.10.0.txt,support,deny
20,gov.uscourts.txed.105345.16.0.txt,opposition,deny
200,gov.uscourts.ared.94172.14.0.txt,support,grant
200,gov.uscourts.ared.94172.16.0.txt,opposition,grant
204,gov.uscourts.nced.149380.14.0.txt,support,deny
204,gov.uscourts.nced.149380.18.0.txt,opposition,deny
205,gov.uscourts.utd.80761.14.0.txt,support,deny
205,gov.uscourts.utd.80761.16.0.txt,opposition,deny
206,gov.uscourts.caeb.421053.14.0.txt,support,grant
206,gov.uscourts.caeb.421053.29.0.txt,opposition,grant
207,gov.uscourts.hid.128245.14.0.txt,support,grant
207,gov.uscourts.hid.128245.26.0.txt,opposition,grant
208,gov.uscourts.msnd.33061.14.0.txt,support,grant
208,gov.uscourts.msnd.33061.22.0.txt,opposition,grant
21,gov.uscourts.utd.81811.10.0.txt,support,deny
21,gov.uscourts.utd.81811.11.0.txt,support,deny
21,gov.uscourts.utd.81811.12.0.txt,support,deny
21,gov.uscourts.utd.81811.15.0.txt,support,deny
21,gov.uscourts.utd.81811.18.0.txt,support,deny
21,gov.uscourts.utd.81811.19.0.txt,opposition,deny
21,gov.uscourts.utd.81811.22.0.txt,opposition,deny
21,gov.uscourts.utd.81811.23.0.txt,support,deny
21,gov.uscourts.utd.81811.24.0.txt,support,deny
21,gov.uscourts.utd.81811.38.0.txt,opposition,deny
210,gov.uscourts.arwd.28923.14.0.txt,support,deny
210,gov.uscourts.arwd.28923.15.0.txt,support,deny
210,gov.uscourts.arwd.28923.16.0.txt,support,deny
210,gov.uscourts.arwd.28923.17.0.txt,opposition,deny
212,gov.uscourts.cand.203053.14.0.txt,support,grant
212,gov.uscourts.cand.203053.20.0.txt,opposition,grant
215,gov.uscourts.wied.45575.1408.0.txt,support,grant
215,gov.uscourts.wied.45575.1409.0.txt,support,grant
215,gov.uscourts.wied.45575.1425.0.txt,opposition,grant
218,gov.uscourts.wvnd.23804.143.0.txt,support,deny
218,gov.uscourts.wvnd.23804.145.0.txt,opposition,deny
220,gov.uscourts.msnd.33061.158.0.txt,opposition,grant
220,gov.uscourts.msnd.33061.159.0.txt,support,grant
226,gov.uscourts.mad.130087.16.0.txt,support,deny
226,gov.uscourts.mad.130087.21.0.txt,opposition,deny
227,gov.uscourts.nyed.370380.16.0.txt,support,deny
227,gov.uscourts.nyed.370380.18.0.txt,opposition,deny
231,gov.uscourts.utd.80761.15.0.txt,support,deny
231,gov.uscourts.utd.80761.17.0.txt,opposition,deny
232,gov.uscourts.nvd.52663.15.0.txt,support,grant
232,gov.uscourts.nvd.52663.17.0.txt,opposition,grant
233,gov.uscourts.rid.6021.15.0.txt,support,deny
233,gov.uscourts.rid.6021.19.0.txt,opposition,deny
235,gov.uscourts.insd.47393.15.0.txt,support,deny
235,gov.uscourts.insd.47393.16.0.txt,support,deny
235,gov.uscourts.insd.47393.21.0.txt,opposition,deny
236,gov.uscourts.mowd.96314.15.0.txt,support,deny
236,gov.uscourts.mowd.96314.16.0.txt,support,deny
236,gov.uscourts.mowd.96314.19.0.txt,opposition,deny
239,gov.uscourts.caeb.462671.15.0.txt,support,deny
239,gov.uscourts.caeb.462671.26.0.txt,opposition,deny
24,gov.uscourts.ksd.110835.11.0.txt,support,deny
24,gov.uscourts.ksd.110835.13.0.txt,opposition,deny
241,gov.uscourts.nysd.314508.15.0.txt,support,deny
241,gov.uscourts.nysd.314508.16.0.txt,support,deny
241,gov.uscourts.nysd.314508.17.0.txt,support,deny
241,gov.uscourts.nysd.314508.18.0.txt,opposition,deny
243,gov.uscourts.wiwd.778.150.0.txt,support,deny
243,gov.uscourts.wiwd.778.151.0.txt,support,deny
243,gov.uscourts.wiwd.778.152.0.txt,opposition,deny
244,gov.uscourts.nysd.317950.151.0.txt,support,grant
244,gov.uscourts.nysd.317950.152.0.txt,support,grant
244,gov.uscourts.nysd.317950.160.0.txt,opposition,grant
245,gov.uscourts.ded.7515.152.0.txt,support,deny
245,gov.uscourts.ded.7515.215.0.txt,opposition,deny
246,gov.uscourts.dcd.180660.153.0.txt,support,grant
246,gov.uscourts.dcd.180660.154.0.txt,opposition,grant
25,gov.uscourts.txsd.929985.10.0.txt,support,grant
25,gov.uscourts.txsd.929985.14.0.txt,opposition,grant
251,gov.uscourts.moed.111313.157.0.txt,support,grant
251,gov.uscourts.moed.111313.160.0.txt,opposition,grant
255,gov.uscourts.cand.205452.16.0.txt,support,deny
255,gov.uscourts.cand.205452.18.0.txt,opposition,deny
256,gov.uscourts.cand.311909.16.0.txt,support,grant
256,gov.uscourts.cand.311909.21.0.txt,opposition,grant
257,gov.uscourts.mdd.164313.16.0.txt,support,grant
257,gov.uscourts.mdd.164313.21.0.txt,opposition,grant
263,gov.uscourts.flnd.69731.16.0.txt,support,deny
263,gov.uscourts.flnd.69731.29.0.txt,opposition,deny
265,gov.uscourts.cod.101284.16.0.txt,support,deny
265,gov.uscourts.cod.101284.27.0.txt,opposition,deny
267,gov.uscourts.utd.86334.16.0.txt,support,deny
267,gov.uscourts.utd.86334.17.0.txt,support,deny
267,gov.uscourts.utd.86334.18.0.txt,opposition,deny
269,gov.uscourts.arwd.34777.16.0.txt,support,deny
269,gov.uscourts.arwd.34777.17.0.txt,support,deny
269,gov.uscourts.arwd.34777.18.0.txt,support,deny
269,gov.uscourts.arwd.34777.19.0.txt,support,deny
269,gov.uscourts.arwd.34777.20.0.txt,opposition,deny
270,gov.uscourts.njd.318127.16.0.txt,support,grant
270,gov.uscourts.njd.318127.17.0.txt,opposition,grant
276,gov.uscourts.nmd.303741.161.0.txt,support,deny
276,gov.uscourts.nmd.303741.164.0.txt,opposition,deny
286,gov.uscourts.pamd.109758.17.0.txt,support,deny
286,gov.uscourts.pamd.109758.18.0.txt,opposition,deny
286,gov.uscourts.pamd.109758.21.0.txt,support,deny
288,gov.uscourts.utd.104175.20.0.txt,support,deny
288,gov.uscourts.utd.104175.42.0.txt,opposition,deny
289,gov.uscourts.med.48617.17.0.txt,support,deny
289,gov.uscourts.med.48617.26.0.txt,opposition,deny
293,gov.uscourts.rid.37336.17.0.txt,support,deny
293,gov.uscourts.rid.37336.22.0.txt,opposition,deny
3,gov.uscourts.nvd.103481.1.0.txt,support,deny
3,gov.uscourts.nvd.103481.8.0.txt,opposition,deny
30,gov.uscourts.flmd.215470.101.0.txt,support,deny
30,gov.uscourts.flmd.215470.108.0.txt,opposition,deny
300,gov.uscourts.cand.205349.170.0.txt,support,grant
300,gov.uscourts.cand.205349.172.0.txt,opposition,grant
300,gov.uscourts.cand.205349.173.0.txt,opposition,grant
301,gov.uscourts.cand.201244.171.0.txt,support,deny
301,gov.uscourts.cand.201244.174.0.txt,opposition,deny
303,gov.uscourts.azd.396130.172.0.txt,support,deny
303,gov.uscourts.azd.396130.208.0.txt,opposition,deny
308,gov.uscourts.nysd.353523.176.0.txt,support,grant
308,gov.uscourts.nysd.353523.179.0.txt,opposition,grant
310,gov.uscourts.pawd.211032.177.0.txt,support,deny
310,gov.uscourts.pawd.211032.178.0.txt,support,deny
310,gov.uscourts.pawd.211032.186.0.txt,opposition,deny
313,gov.uscourts.pawd.211032.179.0.txt,support,deny
313,gov.uscourts.pawd.211032.180.0.txt,support,deny
313,gov.uscourts.pawd.211032.187.0.txt,opposition,deny
317,gov.uscourts.mdd.229276.18.0.txt,support,grant
317,gov.uscourts.mdd.229276.21.0.txt,opposition,grant
320,gov.uscourts.dcd.124257.18.0.txt,support,deny
320,gov.uscourts.dcd.124257.19.0.txt,opposition,deny
321,gov.uscourts.wiwd.38730.18.0.txt,support,grant
321,gov.uscourts.wiwd.38730.31.0.txt,opposition,grant
322,gov.uscourts.mdd.252048.18.0.txt,support,deny
322,gov.uscourts.mdd.252048.19.0.txt,opposition,deny
324,gov.uscourts.txsd.450852.18.0.txt,support,deny
324,gov.uscourts.txsd.450852.19.0.txt,opposition,deny
325,gov.uscourts.txsd.1121479.18.0.txt,support,deny
325,gov.uscourts.txsd.1121479.34.0.txt,opposition,deny
327,gov.uscourts.dcd.125714.18.0.txt,support,grant
327,gov.uscourts.dcd.125714.21.0.txt,opposition,grant
328,gov.uscourts.wied.72179.18.0.txt,support,deny
328,gov.uscourts.wied.72179.19.0.txt,opposition,deny
331,gov.uscourts.iasd.43707.18.0.txt,support,grant
331,gov.uscourts.iasd.43707.23.0.txt,opposition,grant
337,gov.uscourts.flmd.206567.185.0.txt,support,deny
337,gov.uscourts.flmd.206567.186.0.txt,opposition,deny
338,gov.uscourts.pawd.192649.185.0.txt,support,deny
338,gov.uscourts.pawd.192649.192.0.txt,opposition,deny
342,gov.uscourts.utd.57797.19.0.txt,support,deny
342,gov.uscourts.utd.57797.20.0.txt,opposition,deny
346,gov.uscourts.rid.37336.19.0.txt,support,grant
346,gov.uscourts.rid.37336.23.0.txt,support,grant
346,gov.uscourts.rid.37336.24.0.txt,support,grant
346,gov.uscourts.rid.37336.25.0.txt,opposition,grant
346,gov.uscourts.rid.37336.28.0.txt,opposition,grant
347,gov.uscourts.cod.154010.19.0.txt,support,grant
347,gov.uscourts.cod.154010.23.0.txt,opposition,grant
35,gov.uscourts.mad.123555.106.0.txt,opposition,deny
35,gov.uscourts.mad.123555.112.0.txt,support,deny
350,gov.uscourts.cand.202261.19.0.txt,support,grant
350,gov.uscourts.cand.202261.31.0.txt,opposition,grant
352,gov.uscourts.txwd.765411.19.0.txt,support,grant
352,gov.uscourts.txwd.765411.21.0.txt,opposition,grant
353,gov.uscourts.wyd.20882.19.0.txt,support,deny
353,gov.uscourts.wyd.20882.20.0.txt,support,deny
353,gov.uscourts.wyd.20882.35.0.txt,opposition,deny
354,gov.uscourts.dcd.153133.19.0.txt,support,grant
354,gov.uscourts.dcd.153133.22.0.txt,opposition,grant
356,gov.uscourts.dcd.130154.19.0.txt,support,grant
356,gov.uscourts.dcd.130154.20.0.txt,opposition,grant
36,gov.uscourts.azd.396129.1026.0.txt,support,grant
36,gov.uscourts.azd.396129.1036.0.txt,opposition,grant
360,gov.uscourts.mied.226636.193.0.txt,support,grant
360,gov.uscourts.mied.226636.194.0.txt,opposition,grant
362,gov.uscourts.ded.7515.193.0.txt,support,deny
362,gov.uscourts.ded.7515.194.0.txt,support,deny
362,gov.uscourts.ded.7515.199.0.txt,opposition,deny
363,gov.uscourts.akd.69.194.0.txt,support,grant
363,gov.uscourts.akd.69.196.0.txt,opposition,grant
365,gov.uscourts.insd.41796.197.0.txt,support,grant
365,gov.uscourts.insd.41796.202.0.txt,opposition,grant
37,gov.uscourts.flmd.189566.103.0.txt,support,grant
37,gov.uscourts.flmd.189566.107.0.txt,opposition,grant
37,gov.uscourts.flmd.189566.117.0.txt,support,grant
370,gov.uscourts.dcd.140297.2.0.txt,support,deny
370,gov.uscourts.dcd.140297.6.0.txt,opposition,deny
378,gov.uscourts.gand.195356.20.0.txt,support,deny
378,gov.uscourts.gand.195356.21.0.txt,opposition,deny
382,gov.uscourts.mad.138553.20.0.txt,support,grant
382,gov.uscourts.mad.138553.28.0.txt,opposition,grant
39,gov.uscourts.gand.211047.103.0.txt,support,deny
39,gov.uscourts.gand.211047.114.0.txt,opposition,deny
391,gov.uscourts.cand.195321.20.0.txt,support,deny
391,gov.uscourts.cand.195321.22.0.txt,opposition,deny
392,gov.uscourts.flsd.416630.200.0.txt,support,deny
392,gov.uscourts.flsd.416630.216.0.txt,opposition,deny
396,gov.uscourts.mad.131942.208.0.txt,support,deny
396,gov.uscourts.mad.131942.209.0.txt,support,deny
396,gov.uscourts.mad.131942.221.0.txt,opposition,deny
398,gov.uscourts.cofc.21214.21.0.txt,support,grant
398,gov.uscourts.cofc.21214.26.0.txt,opposition,grant
399,gov.uscourts.cand.324401.21.0.txt,support,grant
399,gov.uscourts.cand.324401.28.0.txt,opposition,grant
40,gov.uscourts.azd.396129.1033.0.txt,support,deny
40,gov.uscourts.azd.396129.1071.0.txt,opposition,deny
401,gov.uscourts.txed.115655.21.0.txt,support,deny
401,gov.uscourts.txed.115655.30.0.txt,opposition,deny
403,gov.uscourts.innd.56146.21.0.txt,support,grant
403,gov.uscourts.innd.56146.23.0.txt,opposition,grant
404,gov.uscourts.dcd.124257.21.0.txt,support,grant
404,gov.uscourts.dcd.124257.29.0.txt,opposition,grant
405,gov.uscourts.wied.77855.21.0.txt,support,deny
405,gov.uscourts.wied.77855.22.0.txt,opposition,deny
409,gov.uscourts.txsd.1187370.21.0.txt,support,grant
409,gov.uscourts.txsd.1187370.25.0.txt,opposition,grant
410,gov.uscourts.gamd.78153.21.0.txt,support,grant
410,gov.uscourts.gamd.78153.22.0.txt,support,grant
410,gov.uscourts.gamd.78153.30.0.txt,opposition,grant
412,gov.uscourts.rid.38819.24.0.txt,support,deny
412,gov.uscourts.rid.38819.37.0.txt,opposition,deny
413,gov.uscourts.ded.7515.213.0.txt,support,grant
413,gov.uscourts.ded.7515.224.0.txt,opposition,grant
414,gov.uscourts.akd.336.216.0.txt,support,deny
414,gov.uscourts.akd.336.217.0.txt,opposition,deny
417,gov.uscourts.nywd.79861.216.0.txt,support,deny
417,gov.uscourts.nywd.79861.217.0.txt,support,deny
417,gov.uscourts.nywd.79861.235.0.txt,opposition,deny
420,gov.uscourts.txnd.243166.218.0.txt,support,deny
420,gov.uscourts.txnd.243166.226.0.txt,opposition,deny
423,gov.uscourts.tnmd.63626.23.0.txt,support,deny
423,gov.uscourts.tnmd.63626.49.0.txt,opposition,deny
424,gov.uscourts.mad.142763.22.0.txt,support,grant
424,gov.uscourts.mad.142763.28.0.txt,opposition,grant
428,gov.uscourts.wawd.181150.221.0.txt,support,deny
428,gov.uscourts.wawd.181150.232.0.txt,opposition,deny
43,gov.uscourts.flmd.200065.104.0.txt,support,deny
43,gov.uscourts.flmd.200065.110.0.txt,opposition,deny
430,gov.uscourts.msnd.30175.223.0.txt,support,deny
430,gov.uscourts.msnd.30175.224.0.txt,support,deny
430,gov.uscourts.msnd.30175.226.0.txt,opposition,deny
432,gov.uscourts.njd.239110.24.0.txt,support,grant
432,gov.uscourts.njd.239110.26.0.txt,opposition,grant
433,gov.uscourts.wawd.169590.23.0.txt,support,grant
433,gov.uscourts.wawd.169590.34.0.txt,opposition,grant
437,gov.uscourts.cand.196553.23.0.txt,support,grant
437,gov.uscourts.cand.196553.49.0.txt,opposition,grant
438,gov.uscourts.nyed.367002.23.0.txt,support,grant
438,gov.uscourts.nyed.367002.27.0.txt,opposition,grant
441,gov.uscourts.dcd.130042.23.0.txt,support,deny
441,gov.uscourts.dcd.130042.25.0.txt,opposition,deny
443,gov.uscourts.msnd.33061.23.0.txt,support,grant
443,gov.uscourts.msnd.33061.25.0.txt,opposition,grant
444,gov.uscourts.txnd.262553.23.0.txt,support,deny
444,gov.uscourts.txnd.262553.29.0.txt,opposition,deny
446,gov.uscourts.ilsd.32989.23.0.txt,support,deny
446,gov.uscourts.ilsd.32989.25.0.txt,opposition,deny
447,gov.uscourts.vaed.250659.23.0.txt,support,grant
447,gov.uscourts.vaed.250659.26.0.txt,support,grant
447,gov.uscourts.vaed.250659.40.0.txt,opposition,grant
450,gov.uscourts.txwd.955890.23.0.txt,support,grant
450,gov.uscourts.txwd.955890.24.0.txt,opposition,grant
450,gov.uscourts.txwd.955890.33.0.txt,opposition,grant
454,gov.uscourts.mad.107199.233.0.txt,support,deny
454,gov.uscourts.mad.107199.234.0.txt,opposition,deny
455,gov.uscourts.akd.54095.234.0.txt,support,deny
455,gov.uscourts.akd.54095.242.0.txt,opposition,deny
458,gov.uscourts.insd.41796.237.0.txt,support,deny
458,gov.uscourts.insd.41796.247.0.txt,opposition,deny
459,gov.uscourts.txed.131528.237.0.txt,support,deny
459,gov.uscourts.txed.131528.248.0.txt,opposition,deny
460,gov.uscourts.gand.150651.237.0.txt,support,grant
460,gov.uscourts.gand.150651.241.0.txt,opposition,grant
461,gov.uscourts.txwd.477657.24.0.txt,support,grant
461,gov.uscourts.txwd.477657.26.0.txt,opposition,grant
465,gov.uscourts.nyed.323213.24.0.txt,support,grant
465,gov.uscourts.nyed.323213.30.0.txt,opposition,grant
467,gov.uscourts.laed.187803.24.0.txt,support,grant
467,gov.uscourts.laed.187803.27.0.txt,opposition,grant
469,gov.uscourts.txwd.414417.24.0.txt,support,grant
469,gov.uscourts.txwd.414417.33.0.txt,opposition,grant
470,gov.uscourts.flmd.176928.24.0.txt,support,deny
470,gov.uscourts.flmd.176928.35.0.txt,opposition,deny
472,gov.uscourts.txsd.1342491.24.0.txt,support,grant
472,gov.uscourts.txsd.1342491.30.0.txt,opposition,grant
482,gov.uscourts.insd.41796.240.0.txt,support,deny
482,gov.uscourts.insd.41796.250.0.txt,opposition,deny
485,gov.uscourts.nysd.351413.248.0.txt,support,grant
485,gov.uscourts.nysd.351413.250.0.txt,opposition,grant
486,gov.uscourts.mdd.164416.25.0.txt,support,grant
486,gov.uscourts.mdd.164416.28.0.txt,opposition,grant
49,gov.uscourts.flmd.200065.106.0.txt,support,deny
49,gov.uscourts.flmd.200065.112.0.txt,opposition,deny
491,gov.uscourts.utd.80761.25.0.txt,support,deny
491,gov.uscourts.utd.80761.26.0.txt,opposition,deny
492,gov.uscourts.wiwd.29135.25.0.txt,support,grant
492,gov.uscourts.wiwd.29135.26.0.txt,support,grant
492,gov.uscourts.wiwd.29135.31.0.txt,opposition,grant
496,gov.uscourts.flsd.394574.25.0.txt,support,grant
496,gov.uscourts.flsd.394574.26.0.txt,opposition,grant
496,gov.uscourts.flsd.394574.29.0.txt,opposition,grant
503,gov.uscourts.dcd.140567.26.0.txt,support,deny
503,gov.uscourts.dcd.140567.27.0.txt,opposition,deny
504,gov.uscourts.utd.57797.26.0.txt,support,deny
504,gov.uscourts.utd.57797.27.0.txt,opposition,deny
505,gov.uscourts.med.54793.26.0.txt,support,grant
505,gov.uscourts.med.54793.29.0.txt,opposition,grant
510,gov.uscourts.wawd.224670.26.0.txt,support,deny
510,gov.uscourts.wawd.224670.31.0.txt,opposition,deny
512,gov.uscourts.cofc.22685.26.0.txt,support,grant
512,gov.uscourts.cofc.22685.27.0.txt,opposition,grant
517,gov.uscourts.gand.132576.267.0.txt,support,deny
517,gov.uscourts.gand.132576.277.0.txt,opposition,deny
518,gov.uscourts.nysd.316362.268.0.txt,support,grant
518,gov.uscourts.nysd.316362.272.0.txt,opposition,grant
519,gov.uscourts.flmd.319251.27.0.txt,support,grant
519,gov.uscourts.flmd.319251.37.0.txt,support,grant
519,gov.uscourts.flmd.319251.38.0.txt,opposition,grant
519,gov.uscourts.flmd.319251.40.0.txt,opposition,grant
521,gov.uscourts.flsd.457651.27.0.txt,support,deny
521,gov.uscourts.flsd.457651.32.0.txt,opposition,deny
524,gov.uscourts.nvd.101706.27.0.txt,support,grant
524,gov.uscourts.nvd.101706.28.0.txt,opposition,grant
528,gov.uscourts.akd.388.27.0.txt,support,deny
528,gov.uscourts.akd.388.28.0.txt,support,deny
528,gov.uscourts.akd.388.29.0.txt,opposition,deny
529,gov.uscourts.flnd.67528.27.0.txt,support,grant
529,gov.uscourts.flnd.67528.32.0.txt,opposition,grant
53,gov.uscourts.mad.152628.107.0.txt,support,deny
53,gov.uscourts.mad.152628.115.0.txt,opposition,deny
530,gov.uscourts.nysd.337661.27.0.txt,support,deny
530,gov.uscourts.nysd.337661.28.0.txt,support,deny
530,gov.uscourts.nysd.337661.30.0.txt,opposition,deny
530,gov.uscourts.nysd.337661.39.0.txt,opposition,deny
531,gov.uscourts.nysd.361717.28.0.txt,support,deny
531,gov.uscourts.nysd.361717.35.0.txt,opposition,deny
542,gov.uscourts.mdd.292999.28.0.txt,support,deny
542,gov.uscourts.mdd.292999.29.0.txt,opposition,deny
543,gov.uscourts.vaed.371699.28.0.txt,support,deny
543,gov.uscourts.vaed.371699.29.0.txt,support,deny
543,gov.uscourts.vaed.371699.32.0.txt,opposition,deny
544,gov.uscourts.flsd.487642.28.0.txt,support,deny
544,gov.uscourts.flsd.487642.29.0.txt,opposition,deny
546,gov.uscourts.flnd.51835.28.0.txt,support,deny
546,gov.uscourts.flnd.51835.29.0.txt,opposition,deny
547,gov.uscourts.nysd.340636.29.0.txt,support,grant
547,gov.uscourts.nysd.340636.36.0.txt,opposition,grant
549,gov.uscourts.cand.197363.28.0.txt,support,grant
549,gov.uscourts.cand.197363.32.0.txt,opposition,grant
550,gov.uscourts.flnd.99533.28.0.txt,support,grant
550,gov.uscourts.flnd.99533.29.0.txt,opposition,grant
552,gov.uscourts.cand.193336.29.0.txt,support,grant
552,gov.uscourts.cand.193336.45.0.txt,opposition,grant
553,gov.uscourts.txed.132361.29.0.txt,support,deny
553,gov.uscourts.txed.132361.30.0.txt,opposition,deny
554,gov.uscourts.mdd.200997.29.0.txt,support,grant
554,gov.uscourts.mdd.200997.30.0.txt,opposition,grant
56,gov.uscourts.cand.193761.107.0.txt,support,deny
56,gov.uscourts.cand.193761.121.0.txt,opposition,deny
560,gov.uscourts.mdd.200994.29.0.txt,support,grant
560,gov.uscourts.mdd.200994.31.0.txt,opposition,grant
561,gov.uscourts.sdd.47502.30.0.txt,support,grant
561,gov.uscourts.sdd.47502.35.0.txt,opposition,grant
562,gov.uscourts.txnd.136421.30.0.txt,opposition,deny
562,gov.uscourts.txnd.136421.31.0.txt,support,deny
565,gov.uscourts.gand.148804.29.0.txt,support,deny
565,gov.uscourts.gand.148804.32.0.txt,opposition,deny
568,gov.uscourts.cand.199646.295.0.txt,support,grant
568,gov.uscourts.cand.199646.306.0.txt,opposition,grant
569,gov.uscourts.wvnd.32128.299.0.txt,support,grant
569,gov.uscourts.wvnd.32128.300.0.txt,support,grant
569,gov.uscourts.wvnd.32128.311.0.txt,opposition,grant
57,gov.uscourts.ded.8320.107.0.txt,support,deny
57,gov.uscourts.ded.8320.115.0.txt,opposition,deny
57,gov.uscourts.ded.8320.126.0.txt,opposition,deny
570,gov.uscourts.txnd.161973.3.0.txt,support,deny
570,gov.uscourts.txnd.161973.8.0.txt,opposition,deny
573,gov.uscourts.dcd.190182.10.0.txt,opposition,grant
573,gov.uscourts.dcd.190182.14.0.txt,opposition,grant
573,gov.uscourts.dcd.190182.3.0.txt,support,grant
575,gov.uscourts.dcd.126577.3.0.txt,support,deny
575,gov.uscourts.dcd.126577.9.0.txt,opposition,deny
576,gov.uscourts.nysd.503637.3.0.txt,support,grant
576,gov.uscourts.nysd.503637.30.0.txt,opposition,grant
576,gov.uscourts.nysd.503637.4.0.txt,support,grant
576,gov.uscourts.nysd.503637.46.0.txt,opposition,grant
581,gov.uscourts.dcd.127505.3.0.txt,support,grant
581,gov.uscourts.dcd.127505.5.0.txt,opposition,grant
582,gov.uscourts.nysd.330829.3.0.txt,support,grant
582,gov.uscourts.nysd.330829.5.0.txt,support,grant
582,gov.uscourts.nysd.330829.8.0.txt,opposition,grant
583,gov.uscourts.dcd.126130.3.0.txt,support,deny
583,gov.uscourts.dcd.126130.7.0.txt,opposition,deny
584,gov.uscourts.dcd.131585.3.0.txt,support,grant
584,gov.uscourts.dcd.131585.4.0.txt,opposition,grant
585,gov.uscourts.wied.60278.44.0.txt,opposition,grant
585,gov.uscourts.wied.60278.46.0.txt,support,grant
587,gov.uscourts.nysd.356755.30.0.txt,support,deny
587,gov.uscourts.nysd.356755.32.0.txt,support,deny
587,gov.uscourts.nysd.356755.34.0.txt,opposition,deny
590,gov.uscourts.utd.90796.30.0.txt,support,deny
590,gov.uscourts.utd.90796.43.0.txt,opposition,deny
592,gov.uscourts.akd.7518.30.0.txt,support,grant
592,gov.uscourts.akd.7518.31.0.txt,opposition,grant
592,gov.uscourts.akd.7518.35.0.txt,opposition,grant
594,gov.uscourts.txnd.215745.31.0.txt,support,grant
594,gov.uscourts.txnd.215745.32.0.txt,support,grant
594,gov.uscourts.txnd.215745.43.0.txt,opposition,grant
595,gov.uscourts.vawd.93883.36.0.txt,opposition,deny
595,gov.uscourts.vawd.93883.40.0.txt,support,deny
596,gov.uscourts.akd.28044.30.0.txt,support,grant
596,gov.uscourts.akd.28044.32.0.txt,opposition,grant
6,gov.uscourts.dcd.159531.1.0.txt,support,grant
6,gov.uscourts.dcd.159531.11.0.txt,opposition,grant
6,gov.uscourts.dcd.159531.9.0.txt,opposition,grant
60,gov.uscourts.cand.196553.108.0.txt,support,deny
60,gov.uscourts.cand.196553.115.0.txt,opposition,deny
600,gov.uscourts.flsd.443251.302.0.txt,support,grant
600,gov.uscourts.flsd.443251.303.0.txt,opposition,grant
602,gov.uscourts.arwd.41397.32.0.txt,support,grant
602,gov.uscourts.arwd.41397.39.0.txt,opposition,grant
607,gov.uscourts.azd.396130.314.0.txt,support,deny
607,gov.uscourts.azd.396130.324.0.txt,opposition,deny
609,gov.uscourts.njd.177509.319.0.txt,support,grant
609,gov.uscourts.njd.177509.366.0.txt,opposition,grant
610,gov.uscourts.alnd.157636.32.0.txt,support,grant
610,gov.uscourts.alnd.157636.34.0.txt,opposition,grant
612,gov.uscourts.okwd.74802.32.0.txt,support,deny
612,gov.uscourts.okwd.74802.33.0.txt,support,deny
612,gov.uscourts.okwd.74802.59.0.txt,opposition,deny
617,gov.uscourts.txed.106076.321.0.txt,support,deny
617,gov.uscourts.txed.106076.329.0.txt,opposition,deny
619,gov.uscourts.cand.34465.322.0.txt,support,deny
619,gov.uscourts.cand.34465.323.0.txt,opposition,deny
622,gov.uscourts.pawd.27151.326.0.txt,support,deny
622,gov.uscourts.pawd.27151.329.0.txt,opposition,deny
63,gov.uscourts.casd.258578.108.0.txt,support,grant
63,gov.uscourts.casd.258578.120.0.txt,opposition,grant
63,gov.uscourts.casd.258578.125.0.txt,opposition,grant
631,gov.uscourts.mad.139177.334.0.txt,support,grant
631,gov.uscourts.mad.139177.337.0.txt,opposition,grant
633,gov.uscourts.prd.7495.336.0.txt,support,deny
633,gov.uscourts.prd.7495.358.0.txt,opposition,deny
633,gov.uscourts.prd.7495.359.0.txt,opposition,deny
635,gov.uscourts.cofc.7871.339.0.txt,support,grant
635,gov.uscourts.cofc.7871.341.0.txt,opposition,grant
64,gov.uscourts.wied.54416.109.0.txt,support,grant
64,gov.uscourts.wied.54416.113.0.txt,opposition,grant
641,gov.uscourts.casd.258578.34.0.txt,support,grant
641,gov.uscourts.casd.258578.63.0.txt,opposition,grant
642,gov.uscourts.nmd.274639.34.0.txt,support,deny
642,gov.uscourts.nmd.274639.39.0.txt,opposition,deny
644,gov.uscourts.njd.177509.340.0.txt,support,grant
644,gov.uscourts.njd.177509.341.0.txt,opposition,grant
644,gov.uscourts.njd.177509.351.0.txt,opposition,grant
645,gov.uscourts.cand.197268.35.0.txt,support,grant
645,gov.uscourts.cand.197268.54.0.txt,opposition,grant
646,gov.uscourts.flmd.319241.35.0.txt,support,grant
646,gov.uscourts.flmd.319241.39.0.txt,opposition,grant
646,gov.uscourts.flmd.319241.43.0.txt,opposition,grant
648,gov.uscourts.med.49305.35.0.txt,support,deny
648,gov.uscourts.med.49305.41.0.txt,opposition,deny
65,gov.uscourts.cand.196553.109.0.txt,support,deny
65,gov.uscourts.cand.196553.116.0.txt,opposition,deny
650,gov.uscourts.cand.197206.35.0.txt,support,deny
650,gov.uscourts.cand.197206.40.0.txt,opposition,deny
656,gov.uscourts.flsd.371805.353.0.txt,support,deny
656,gov.uscourts.flsd.371805.356.0.txt,opposition,deny
658,gov.uscourts.mad.99435.36.0.txt,support,deny
658,gov.uscourts.mad.99435.40.0.txt,opposition,deny
66,gov.uscourts.wyd.20616.109.0.txt,support,grant
66,gov.uscourts.wyd.20616.110.0.txt,support,grant
66,gov.uscourts.wyd.20616.123.0.txt,opposition,grant
663,gov.uscourts.rid.31460.36.0.txt,support,deny
663,gov.uscourts.rid.31460.39.0.txt,opposition,deny
668,gov.uscourts.nysd.330523.361.0.txt,support,grant
668,gov.uscourts.nysd.330523.368.0.txt,opposition,grant
668,gov.uscourts.nysd.330523.396.0.txt,opposition,grant
668,gov.uscourts.nysd.330523.408.0.txt,opposition,grant
673,gov.uscourts.nvd.47421.37.0.txt,support,grant
673,gov.uscourts.nvd.47421.38.0.txt,opposition,grant
676,gov.uscourts.mad.118796.38.0.txt,support,deny
676,gov.uscourts.mad.118796.42.0.txt,opposition,deny
677,gov.uscourts.waed.51755.37.0.txt,support,deny
677,gov.uscourts.waed.51755.39.0.txt,support,deny
677,gov.uscourts.waed.51755.47.0.txt,opposition,deny
677,gov.uscourts.waed.51755.49.0.txt,opposition,deny
679,gov.uscourts.cod.157833.37.0.txt,support,grant
679,gov.uscourts.cod.157833.40.0.txt,opposition,grant
682,gov.uscourts.mad.104015.378.0.txt,support,grant
682,gov.uscourts.mad.104015.379.0.txt,opposition,grant
685,gov.uscourts.cand.195405.38.0.txt,support,deny
685,gov.uscourts.cand.195405.39.0.txt,support,deny
685,gov.uscourts.cand.195405.45.0.txt,opposition,deny
688,gov.uscourts.cand.203194.38.0.txt,support,grant
688,gov.uscourts.cand.203194.41.0.txt,opposition,grant
690,gov.uscourts.akd.388.38.0.txt,support,deny
690,gov.uscourts.akd.388.86.0.txt,opposition,deny
690,gov.uscourts.akd.388.88.0.txt,support,deny
692,gov.uscourts.insd.32006.39.0.txt,support,grant
692,gov.uscourts.insd.32006.43.0.txt,opposition,grant
697,gov.uscourts.cand.196553.39.0.txt,support,deny
697,gov.uscourts.cand.196553.40.0.txt,support,deny
697,gov.uscourts.cand.196553.50.0.txt,opposition,deny
699,gov.uscourts.mad.120412.40.0.txt,support,grant
699,gov.uscourts.mad.120412.45.0.txt,support,grant
699,gov.uscourts.mad.120412.49.0.txt,opposition,grant
700,gov.uscourts.nvd.106481.39.0.txt,support,grant
700,gov.uscourts.nvd.106481.40.0.txt,opposition,grant
701,gov.uscourts.nysd.316362.399.0.txt,support,deny
701,gov.uscourts.nysd.316362.400.0.txt,support,deny
701,gov.uscourts.nysd.316362.446.0.txt,opposition,deny
704,gov.uscourts.tnwd.61189.15.0.txt,support,grant
704,gov.uscourts.tnwd.61189.16.0.txt,opposition,grant
704,gov.uscourts.tnwd.61189.19.0.txt,opposition,grant
704,gov.uscourts.tnwd.61189.4.0.txt,support,grant
704,gov.uscourts.tnwd.61189.5.0.txt,support,grant
707,gov.uscourts.prd.76646.15.0.txt,opposition,deny
707,gov.uscourts.prd.76646.4.0.txt,support,deny
708,gov.uscourts.dcd.125917.120.0.txt,support,deny
708,gov.uscourts.dcd.125917.121.0.txt,opposition,deny
708,gov.uscourts.dcd.125917.131.0.txt,opposition,deny
708,gov.uscourts.dcd.125917.4.0.txt,support,deny
709,gov.uscourts.mowd.97892.12.0.txt,opposition,deny
709,gov.uscourts.mowd.97892.13.0.txt,support,deny
709,gov.uscourts.mowd.97892.6.0.txt,support,deny
71,gov.uscourts.nysd.316252.11.0.txt,support,deny
71,gov.uscourts.nysd.316252.12.0.txt,support,deny
71,gov.uscourts.nysd.316252.15.0.txt,opposition,deny
710,gov.uscourts.nysd.323262.28.0.txt,opposition,deny
710,gov.uscourts.nysd.323262.4.0.txt,support,deny
710,gov.uscourts.nysd.323262.5.0.txt,support,deny
710,gov.uscourts.nysd.323262.6.0.txt,support,deny
714,gov.uscourts.txwd.504861.4.0.txt,support,deny
714,gov.uscourts.txwd.504861.7.0.txt,opposition,deny
719,gov.uscourts.prd.130471.41.0.txt,support,grant
719,gov.uscourts.prd.130471.55.0.txt,opposition,grant
723,gov.uscourts.wiwd.34886.40.0.txt,support,grant
723,gov.uscourts.wiwd.34886.46.0.txt,opposition,grant
727,gov.uscourts.wawd.150842.41.0.txt,support,grant
727,gov.uscourts.wawd.150842.45.0.txt,support,grant
727,gov.uscourts.wawd.150842.47.0.txt,opposition,grant
727,gov.uscourts.wawd.150842.53.0.txt,opposition,grant
734,gov.uscourts.vtd.24314.55.0.txt,opposition,deny
734,gov.uscourts.vtd.24314.70.0.txt,support,deny
735,gov.uscourts.akd.388.42.0.txt,support,grant
735,gov.uscourts.akd.388.87.0.txt,opposition,grant
737,gov.uscourts.wyd.20882.43.0.txt,support,deny
737,gov.uscourts.wyd.20882.45.0.txt,opposition,deny
738,gov.uscourts.ared.68443.43.0.txt,support,deny
738,gov.uscourts.ared.68443.45.0.txt,opposition,deny
739,gov.uscourts.flnd.60471.42.0.txt,support,grant
739,gov.uscourts.flnd.60471.45.0.txt,opposition,grant
74,gov.uscourts.nysd.310956.11.0.txt,support,grant
74,gov.uscourts.nysd.310956.12.0.txt,support,grant
74,gov.uscourts.nysd.310956.19.0.txt,opposition,grant
74,gov.uscourts.nysd.310956.26.0.txt,support,grant
74,gov.uscourts.nysd.310956.28.0.txt,opposition,grant
74,gov.uscourts.nysd.310956.31.0.txt,support,grant
740,gov.uscourts.nysd.316362.422.0.txt,support,deny
740,gov.uscourts.nysd.316362.441.0.txt,opposition,deny
741,gov.uscourts.flmd.218567.426.0.txt,support,deny
741,gov.uscourts.flmd.218567.444.0.txt,opposition,deny
742,gov.uscourts.azd.396627.43.0.txt,support,deny
742,gov.uscourts.azd.396627.64.0.txt,opposition,deny
742,gov.uscourts.azd.396627.74.0.txt,opposition,deny
742,gov.uscourts.azd.396627.76.0.txt,opposition,deny
746,gov.uscourts.wawd.262717.43.0.txt,support,grant
746,gov.uscourts.wawd.262717.64.0.txt,opposition,grant
746,gov.uscourts.wawd.262717.68.0.txt,opposition,grant
747,gov.uscourts.gamd.82262.44.0.txt,support,deny
747,gov.uscourts.gamd.82262.45.0.txt,support,deny
747,gov.uscourts.gamd.82262.46.0.txt,opposition,deny
752,gov.uscourts.mied.188875.439.0.txt,support,grant
752,gov.uscourts.mied.188875.441.0.txt,opposition,grant
755,gov.uscourts.vaed.332067.48.0.txt,support,deny
755,gov.uscourts.vaed.332067.50.0.txt,opposition,deny
757,gov.uscourts.njd.259223.44.0.txt,support,grant
757,gov.uscourts.njd.259223.48.0.txt,opposition,grant
758,gov.uscourts.njd.186370.44.0.txt,support,deny
758,gov.uscourts.njd.186370.45.0.txt,opposition,deny
758,gov.uscourts.njd.186370.46.0.txt,opposition,deny
759,gov.uscourts.rid.20970.44.0.txt,support,grant
759,gov.uscourts.rid.20970.46.0.txt,opposition,grant
76,gov.uscourts.casd.258850.11.0.txt,support,deny
76,gov.uscourts.casd.258850.19.0.txt,opposition,deny
760,gov.uscourts.txed.127220.444.0.txt,support,grant
760,gov.uscourts.txed.127220.459.0.txt,opposition,grant
761,gov.uscourts.azd.579795.446.0.txt,support,grant
761,gov.uscourts.azd.579795.447.0.txt,opposition,grant
762,gov.uscourts.mied.188875.447.0.txt,support,grant
762,gov.uscourts.mied.188875.448.0.txt,opposition,grant
762,gov.uscourts.mied.188875.449.0.txt,opposition,grant
764,gov.uscourts.akd.336.45.0.txt,support,deny
764,gov.uscourts.akd.336.49.0.txt,opposition,deny
765,gov.uscourts.miwd.5376.45.0.txt,support,deny
765,gov.uscourts.miwd.5376.50.0.txt,opposition,deny
767,gov.uscourts.mssd.87643.46.0.txt,support,deny
767,gov.uscourts.mssd.87643.59.0.txt,opposition,deny
767,gov.uscourts.mssd.87643.60.0.txt,opposition,deny
768,gov.uscourts.cod.154010.45.0.txt,support,deny
768,gov.uscourts.cod.154010.50.0.txt,opposition,deny
768,gov.uscourts.cod.154010.51.0.txt,opposition,deny
769,gov.uscourts.wiwd.37095.45.0.txt,support,grant
769,gov.uscourts.wiwd.37095.46.0.txt,support,grant
769,gov.uscourts.wiwd.37095.49.0.txt,opposition,grant
771,gov.uscourts.wied.42230.45.0.txt,support,deny
771,gov.uscourts.wied.42230.55.0.txt,support,deny
771,gov.uscourts.wied.42230.56.0.txt,opposition,deny
779,gov.uscourts.cand.197939.46.0.txt,support,grant
779,gov.uscourts.cand.197939.57.0.txt,opposition,grant
78,gov.uscourts.mad.127565.12.0.txt,support,deny
78,gov.uscourts.mad.127565.14.0.txt,opposition,deny
780,gov.uscourts.nyed.396365.46.0.txt,support,grant
780,gov.uscourts.nyed.396365.47.0.txt,support,grant
780,gov.uscourts.nyed.396365.49.0.txt,support,grant
780,gov.uscourts.nyed.396365.50.0.txt,opposition,grant
783,gov.uscourts.akd.28044.46.0.txt,support,deny
783,gov.uscourts.akd.28044.48.0.txt,opposition,deny
785,gov.uscourts.ared.68127.468.0.txt,support,deny
785,gov.uscourts.ared.68127.469.0.txt,support,deny
785,gov.uscourts.ared.68127.486.0.txt,opposition,deny
786,gov.uscourts.wiwd.31004.47.0.txt,support,grant
786,gov.uscourts.wiwd.31004.48.0.txt,support,grant
786,gov.uscourts.wiwd.31004.52.0.txt,opposition,grant
79,gov.uscourts.cand.192480.11.0.txt,support,deny
79,gov.uscourts.cand.192480.18.0.txt,opposition,deny
792,gov.uscourts.cand.194104.47.0.txt,support,grant
792,gov.uscourts.cand.194104.51.0.txt,opposition,grant
794,gov.uscourts.ared.68127.479.0.txt,support,deny
794,gov.uscourts.ared.68127.504.0.txt,opposition,deny
795,gov.uscourts.flsd.391635.479.0.txt,support,deny
795,gov.uscourts.flsd.391635.483.0.txt,opposition,deny
796,gov.uscourts.caeb.408822.48.0.txt,support,grant
796,gov.uscourts.caeb.408822.87.0.txt,opposition,grant
797,gov.uscourts.caed.261593.48.0.txt,support,grant
797,gov.uscourts.caed.261593.62.0.txt,opposition,grant
798,gov.uscourts.mad.118796.51.0.txt,support,grant
798,gov.uscourts.mad.118796.52.0.txt,support,grant
798,gov.uscourts.mad.118796.60.0.txt,opposition,grant
798,gov.uscourts.mad.118796.62.0.txt,opposition,grant
800,gov.uscourts.mad.99920.48.0.txt,support,deny
800,gov.uscourts.mad.99920.49.0.txt,support,deny
800,gov.uscourts.mad.99920.55.0.txt,opposition,deny
800,gov.uscourts.mad.99920.58.0.txt,opposition,deny
803,gov.uscourts.txed.125700.481.0.txt,support,deny
803,gov.uscourts.txed.125700.492.0.txt,opposition,deny
808,gov.uscourts.mad.125993.53.0.txt,opposition,deny
808,gov.uscourts.mad.125993.55.0.txt,opposition,deny
808,gov.uscourts.mad.125993.57.0.txt,support,deny
81,gov.uscourts.cand.197045.11.0.txt,support,deny
81,gov.uscourts.cand.197045.33.0.txt,opposition,deny
811,gov.uscourts.cofc.7871.494.0.txt,support,deny
811,gov.uscourts.cofc.7871.496.0.txt,opposition,deny
811,gov.uscourts.cofc.7871.497.0.txt,opposition,deny
812,gov.uscourts.txwd.934015.5.0.txt,support,deny
812,gov.uscourts.txwd.934015.7.0.txt,opposition,deny
814,gov.uscourts.cand.194080.14.0.txt,support,deny
814,gov.uscourts.cand.194080.5.0.txt,support,deny
814,gov.uscourts.cand.194080.9.0.txt,opposition,deny
817,gov.uscourts.wyd.25836.5.0.txt,support,deny
817,gov.uscourts.wyd.25836.9.0.txt,opposition,deny
818,gov.uscourts.laed.187803.15.0.txt,opposition,deny
818,gov.uscourts.laed.187803.5.0.txt,support,deny
82,gov.uscourts.dcd.149464.11.0.txt,support,deny
82,gov.uscourts.dcd.149464.12.0.txt,support,deny
82,gov.uscourts.dcd.149464.13.0.txt,opposition,deny
822,gov.uscourts.dcd.180660.21.0.txt,opposition,deny
822,gov.uscourts.dcd.180660.22.0.txt,opposition,deny
822,gov.uscourts.dcd.180660.5.0.txt,support,deny
823,gov.uscourts.cofc.34304.5.0.txt,support,grant
823,gov.uscourts.cofc.34304.7.0.txt,opposition,grant
825,gov.uscourts.vaed.357857.13.0.txt,opposition,grant
825,gov.uscourts.vaed.357857.6.0.txt,support,grant
829,gov.uscourts.cand.203854.50.0.txt,support,grant
829,gov.uscourts.cand.203854.53.0.txt,opposition,grant
830,gov.uscourts.mssd.78233.50.0.txt,support,grant
830,gov.uscourts.mssd.78233.51.0.txt,support,grant
830,gov.uscourts.mssd.78233.52.0.txt,opposition,grant
831,gov.uscourts.tnmd.55717.51.0.txt,support,deny
831,gov.uscourts.tnmd.55717.56.0.txt,opposition,deny
836,gov.uscourts.gand.148804.50.0.txt,support,deny
836,gov.uscourts.gand.148804.55.0.txt,opposition,deny
836,gov.uscourts.gand.148804.56.0.txt,opposition,deny
836,gov.uscourts.gand.148804.57.0.txt,support,deny
836,gov.uscourts.gand.148804.60.0.txt,opposition,deny
837,gov.uscourts.vaed.276422.51.0.txt,support,grant
837,gov.uscourts.vaed.276422.52.0.txt,opposition,grant
840,gov.uscourts.mad.124201.51.0.txt,support,grant
840,gov.uscourts.mad.124201.52.0.txt,support,grant
840,gov.uscourts.mad.124201.64.0.txt,opposition,grant
842,gov.uscourts.akd.336.52.0.txt,support,grant
842,gov.uscourts.akd.336.53.0.txt,opposition,grant
843,gov.uscourts.txsd.594.52.0.txt,support,deny
843,gov.uscourts.txsd.594.55.0.txt,opposition,deny
844,gov.uscourts.dcd.146770.52.0.txt,support,deny
844,gov.uscourts.dcd.146770.55.0.txt,opposition,deny
847,gov.uscourts.cand.189806.52.0.txt,support,grant
847,gov.uscourts.cand.189806.55.0.txt,opposition,grant
848,gov.uscourts.dcd.137887.52.0.txt,support,grant
848,gov.uscourts.dcd.137887.57.0.txt,opposition,grant
848,gov.uscourts.dcd.137887.66.0.txt,support,grant
849,gov.uscourts.flnd.60471.52.0.txt,support,grant
849,gov.uscourts.flnd.60471.57.0.txt,opposition,grant
854,gov.uscourts.utd.107895.53.0.txt,support,deny
854,gov.uscourts.utd.107895.55.0.txt,opposition,deny
855,gov.uscourts.utd.91767.53.0.txt,support,deny
855,gov.uscourts.utd.91767.59.0.txt,opposition,deny
856,gov.uscourts.flsd.405861.532.0.txt,support,deny
856,gov.uscourts.flsd.405861.537.0.txt,opposition,deny
858,gov.uscourts.scd.231036.54.0.txt,support,deny
858,gov.uscourts.scd.231036.57.0.txt,opposition,deny
859,gov.uscourts.txwd.900468.54.0.txt,support,deny
859,gov.uscourts.txwd.900468.60.0.txt,opposition,deny
860,gov.uscourts.innd.56146.54.0.txt,support,grant
860,gov.uscourts.innd.56146.55.0.txt,opposition,grant
864,gov.uscourts.gand.225850.54.0.txt,support,deny
864,gov.uscourts.gand.225850.55.0.txt,opposition,deny
865,gov.uscourts.txsd.1389789.54.0.txt,support,grant
865,gov.uscourts.txsd.1389789.60.0.txt,opposition,grant
872,gov.uscourts.vawd.93883.55.0.txt,support,grant
872,gov.uscourts.vawd.93883.56.0.txt,opposition,grant
873,gov.uscourts.cand.197658.56.0.txt,support,deny
873,gov.uscourts.cand.197658.59.0.txt,opposition,deny
873,gov.uscourts.cand.197658.62.0.txt,opposition,deny
875,gov.uscourts.vaed.272788.56.0.txt,support,deny
875,gov.uscourts.vaed.272788.60.0.txt,opposition,deny
876,gov.uscourts.azd.55157.56.0.txt,support,deny
876,gov.uscourts.azd.55157.73.0.txt,opposition,deny
876,gov.uscourts.azd.55157.74.0.txt,opposition,deny
877,gov.uscourts.mad.143693.57.0.txt,support,deny
877,gov.uscourts.mad.143693.70.0.txt,opposition,deny
877,gov.uscourts.mad.143693.71.0.txt,opposition,deny
878,gov.uscourts.cand.199599.56.0.txt,support,grant
878,gov.uscourts.cand.199599.57.0.txt,opposition,grant
88,gov.uscourts.txsd.377432.110.0.txt,support,grant
88,gov.uscourts.txsd.377432.111.0.txt,opposition,grant
883,gov.uscourts.dcd.124419.57.0.txt,support,grant
883,gov.uscourts.dcd.124419.60.0.txt,opposition,grant
884,gov.uscourts.ohnd.232759.57.0.txt,support,grant
884,gov.uscourts.ohnd.232759.64.0.txt,opposition,grant
886,gov.uscourts.cand.193761.57.0.txt,support,deny
886,gov.uscourts.cand.193761.75.0.txt,opposition,deny
887,gov.uscourts.txwd.890140.58.0.txt,support,grant
887,gov.uscourts.txwd.890140.59.0.txt,opposition,grant
889,gov.uscourts.cand.196504.58.0.txt,support,grant
889,gov.uscourts.cand.196504.62.0.txt,opposition,grant
889,gov.uscourts.cand.196504.64.0.txt,opposition,grant
89,gov.uscourts.flmd.300927.110.0.txt,support,deny
89,gov.uscourts.flmd.300927.114.0.txt,opposition,deny
891,gov.uscourts.flmd.202363.58.0.txt,support,deny
891,gov.uscourts.flmd.202363.62.0.txt,opposition,deny
893,gov.uscourts.flmd.289654.58.0.txt,support,deny
893,gov.uscourts.flmd.289654.64.0.txt,opposition,deny
896,gov.uscourts.txwd.459523.589.0.txt,support,deny
896,gov.uscourts.txwd.459523.590.0.txt,opposition,deny
897,gov.uscourts.akd.336.59.0.txt,support,grant
897,gov.uscourts.akd.336.61.0.txt,support,grant
897,gov.uscourts.akd.336.65.0.txt,support,grant
897,gov.uscourts.akd.336.69.0.txt,opposition,grant
898,gov.uscourts.nysd.336140.60.0.txt,support,deny
898,gov.uscourts.nysd.336140.79.0.txt,opposition,deny
899,gov.uscourts.wawd.178269.59.0.txt,support,deny
899,gov.uscourts.wawd.178269.61.0.txt,opposition,deny
899,gov.uscourts.wawd.178269.62.0.txt,opposition,deny
9,gov.uscourts.dcd.169197.10.0.txt,support,grant
9,gov.uscourts.dcd.169197.14.0.txt,opposition,grant
900,gov.uscourts.ded.8291.59.0.txt,support,deny
900,gov.uscourts.ded.8291.60.0.txt,support,deny
900,gov.uscourts.ded.8291.63.0.txt,opposition,deny
91,gov.uscourts.wied.45575.1103.0.txt,support,grant
91,gov.uscourts.wied.45575.1124.0.txt,opposition,grant
91,gov.uscourts.wied.45575.1125.0.txt,opposition,grant
91,gov.uscourts.wied.45575.1130.0.txt,support,grant
910,gov.uscourts.wawd.157380.16.0.txt,opposition,deny
910,gov.uscourts.wawd.157380.6.0.txt,support,deny
912,gov.uscourts.vaed.276422.19.0.txt,opposition,deny
912,gov.uscourts.vaed.276422.6.0.txt,support,deny
912,gov.uscourts.vaed.276422.7.0.txt,support,deny
919,gov.uscourts.nysd.490537.10.0.txt,opposition,deny
919,gov.uscourts.nysd.490537.6.0.txt,support,deny
919,gov.uscourts.nysd.490537.8.0.txt,support,deny
921,gov.uscourts.ncmd.48871.6.0.txt,support,grant
921,gov.uscourts.ncmd.48871.7.0.txt,opposition,grant
926,gov.uscourts.njd.249689.60.0.txt,support,grant
926,gov.uscourts.njd.249689.63.0.txt,opposition,grant
926,gov.uscourts.njd.249689.64.0.txt,opposition,grant
93,gov.uscourts.utd.17917.1110.0.txt,support,grant
93,gov.uscourts.utd.17917.1111.0.txt,opposition,grant
932,gov.uscourts.azd.396130.603.0.txt,support,deny
932,gov.uscourts.azd.396130.630.0.txt,opposition,deny
935,gov.uscourts.nysd.361327.61.0.txt,support,deny
935,gov.uscourts.nysd.361327.62.0.txt,support,deny
935,gov.uscourts.nysd.361327.83.0.txt,opposition,deny
936,gov.uscourts.vaed.336338.61.0.txt,support,grant
936,gov.uscourts.vaed.336338.62.0.txt,support,grant
936,gov.uscourts.vaed.336338.68.0.txt,opposition,grant
938,gov.uscourts.gand.207533.62.0.txt,support,grant
938,gov.uscourts.gand.207533.67.0.txt,opposition,grant
939,gov.uscourts.paed.501254.62.0.txt,support,grant
939,gov.uscourts.paed.501254.63.0.txt,opposition,grant
941,gov.uscourts.flsd.503260.62.0.txt,support,grant
941,gov.uscourts.flsd.503260.64.0.txt,opposition,grant
944,gov.uscourts.mssd.78233.63.0.txt,support,deny
944,gov.uscourts.mssd.78233.64.0.txt,support,deny
944,gov.uscourts.mssd.78233.65.0.txt,opposition,deny
947,gov.uscourts.cacd.470923.65.0.txt,support,deny
947,gov.uscourts.cacd.470923.66.0.txt,opposition,deny
948,gov.uscourts.ded.8821.63.0.txt,support,grant
948,gov.uscourts.ded.8821.69.0.txt,opposition,grant
949,gov.uscourts.pawd.192649.64.0.txt,support,grant
949,gov.uscourts.pawd.192649.65.0.txt,opposition,grant
95,gov.uscourts.wvnd.2597.113.0.txt,support,deny
95,gov.uscourts.wvnd.2597.122.0.txt,opposition,deny
950,gov.uscourts.mied.260321.63.0.txt,support,grant
950,gov.uscourts.mied.260321.65.0.txt,opposition,grant
951,gov.uscourts.cand.205856.131.0.txt,opposition,deny
951,gov.uscourts.cand.205856.64.0.txt,support,deny
951,gov.uscourts.cand.205856.84.0.txt,opposition,deny
953,gov.uscourts.mdd.6969.64.0.txt,support,deny
953,gov.uscourts.mdd.6969.69.0.txt,support,deny
953,gov.uscourts.mdd.6969.72.0.txt,opposition,deny
954,gov.uscourts.cofc.16889.65.0.txt,support,grant
954,gov.uscourts.cofc.16889.67.0.txt,opposition,grant
955,gov.uscourts.flsd.446918.65.0.txt,support,grant
955,gov.uscourts.flsd.446918.73.0.txt,opposition,grant
956,gov.uscourts.ilsd.78396.65.0.txt,support,grant
956,gov.uscourts.ilsd.78396.73.0.txt,opposition,grant
962,gov.uscourts.ded.57626.68.0.txt,support,grant
962,gov.uscourts.ded.57626.69.0.txt,opposition,grant
963,gov.uscourts.flmd.300112.67.0.txt,support,deny
963,gov.uscourts.flmd.300112.75.0.txt,opposition,deny
965,gov.uscourts.cand.199825.67.0.txt,support,grant
965,gov.uscourts.cand.199825.68.0.txt,support,grant
965,gov.uscourts.cand.199825.75.0.txt,opposition,grant
966,gov.uscourts.azd.396627.68.0.txt,support,grant
966,gov.uscourts.azd.396627.70.0.txt,opposition,grant
967,gov.uscourts.cand.196553.68.0.txt,support,deny
967,gov.uscourts.cand.196553.73.0.txt,opposition,deny
968,gov.uscourts.mad.118796.68.0.txt,support,deny
968,gov.uscourts.mad.118796.71.0.txt,opposition,deny
969,gov.uscourts.mssd.71576.68.0.txt,support,grant
969,gov.uscourts.mssd.71576.69.0.txt,opposition,grant
975,gov.uscourts.dcd.124851.69.0.txt,support,deny
975,gov.uscourts.dcd.124851.71.0.txt,opposition,deny
979,gov.uscourts.casd.256908.146.0.txt,opposition,deny
979,gov.uscourts.casd.256908.69.0.txt,support,deny
982,gov.uscourts.iasd.63133.18.0.txt,opposition,grant
982,gov.uscourts.iasd.63133.7.0.txt,support,grant
983,gov.uscourts.oknd.39523.11.0.txt,opposition,grant
983,gov.uscourts.oknd.39523.16.0.txt,opposition,grant
983,gov.uscourts.oknd.39523.25.0.txt,support,grant
986,gov.uscourts.dcd.166614.7.0.txt,support,deny
986,gov.uscourts.dcd.166614.9.0.txt,opposition,deny
987,gov.uscourts.casd.415480.17.0.txt,opposition,deny
987,gov.uscourts.casd.415480.7.0.txt,support,deny
989,gov.uscourts.nysd.328965.18.0.txt,opposition,deny
989,gov.uscourts.nysd.328965.7.0.txt,support,deny
989,gov.uscourts.nysd.328965.8.0.txt,support,deny
991,gov.uscourts.nysd.317965.11.0.txt,opposition,grant
991,gov.uscourts.nysd.317965.15.0.txt,support,grant
991,gov.uscourts.nysd.317965.7.0.txt,support,grant
991,gov.uscourts.nysd.317965.8.0.txt,support,grant
991,gov.uscourts.nysd.317965.9.0.txt,support,grant
992,gov.uscourts.dcd.127505.7.0.txt,support,deny
992,gov.uscourts.dcd.127505.8.0.txt,opposition,deny
995,gov.uscourts.txwd.193694.20.0.txt,opposition,deny
995,gov.uscourts.txwd.193694.7.0.txt,support,deny
995,gov.uscourts.txwd.193694.8.0.txt,support,deny
997,gov.uscourts.dcd.129531.7.0.txt,support,deny
997,gov.uscourts.dcd.129531.8.0.txt,opposition,deny
